{"cameraMode":{"drawMode":0,"name":"Shaded","section":"Shading Mode"},"sceneLighting":false,"audioPlay":false,"sceneViewState":{"m_AlwaysRefresh":false,"showFog":false,"showSkybox":false,"showFlares":false,"showImageEffects":false,"showParticleSystems":false,"showVisualEffectGraphs":true,"m_FxEnabled":true},"in2DMode":false,"pivot":{"x":0.013188362121582032,"y":1.1421539783477784,"z":-0.11109673976898194},"rotation":{"x":0.03256433084607124,"y":-0.964904248714447,"z":0.1519189327955246,"w":0.21171408891677857},"size":1.9399484395980836,"orthographic":false}