{"cameraMode":{"drawMode":0,"name":"Shaded","section":"Shading Mode"},"sceneLighting":false,"audioPlay":false,"sceneViewState":{"m_AlwaysRefresh":false,"showFog":false,"showSkybox":false,"showFlares":false,"showImageEffects":false,"showParticleSystems":false,"showVisualEffectGraphs":true,"m_FxEnabled":true},"in2DMode":false,"pivot":{"x":-0.012043356895446778,"y":0.9097389578819275,"z":0.04408600926399231},"rotation":{"x":0.14199648797512055,"y":-0.5451380610466003,"z":0.0943513736128807,"w":0.8209133148193359},"size":1.0108898878097535,"orthographic":false}