{"cameraMode":{"drawMode":0,"name":"Shaded","section":"Shading Mode"},"sceneLighting":false,"audioPlay":false,"sceneViewState":{"m_AlwaysRefresh":false,"showFog":false,"showSkybox":false,"showFlares":false,"showImageEffects":false,"showParticleSystems":false,"showVisualEffectGraphs":true,"m_FxEnabled":true},"in2DMode":false,"pivot":{"x":-0.10546425729990006,"y":0.14265745878219605,"z":-0.6238034963607788},"rotation":{"x":0.19934755563735963,"y":-0.7965244650840759,"z":0.36040955781936648,"w":0.4426305592060089},"size":1.1178971529006959,"orthographic":false}